Omega RDXL6SD-USB Serial No. 0102-01540 - Sampled Data																	
Date:	4/9/2020																
																	
Time	Sample No.	Channel 1	Channel 2	Channel 3	Channel 4	Channel 5	Channel 6	Cold Junction 1	Cold Junction 2	Cold Junction 3	Cold Junction 4	Voltage 1	Voltage 2	Voltage 3	Voltage 4	Resistance 5	Resistance 6
		°F	°F	°F	°F	°F	°F	°F	°F	°F	°F	mV	mV	mV	mV	?	?
4/9/2020 18:20	0	110.9	106	105.6	100.7	High	High	78.5	79.1	79.7	79.7	0.7331	0.6194	0.5968	0.4805	High	High
4/9/2020 18:22	1	114.8	110.3	110	105.6	High	High	79.4	80.6	81.3	81.5	0.8009	0.6867	0.6632	0.5537	High	High
4/9/2020 18:24	2	118.4	113.7	113.8	109.5	High	High	80.1	81.1	82	82.4	0.8677	0.753	0.735	0.6262	High	High
4/9/2020 18:26	3	122	117.1	117.4	113.2	High	High	80.6	81.6	82.5	82.9	0.9388	0.8236	0.8099	0.6984	High	High
4/9/2020 18:28	4	125.5	120.5	121	116.5	High	High	80.9	81.9	82.8	83.2	1.0113	0.8936	0.8863	0.7702	High	High
4/9/2020 18:30	5	129.2	124.2	124.5	120	High	High	81.3	82.3	83.2	83.7	1.0864	0.9748	0.9602	0.8432	High	High
4/9/2020 18:32	6	132.5	127.5	127.8	123.2	High	High	81.6	82.6	83.5	83.9	1.1592	1.0483	1.035	0.9134	High	High
4/9/2020 18:34	7	136	130.8	131.1	126.5	High	High	81.9	82.9	83.7	84.1	1.2337	1.1214	1.1097	0.9879	High	High
4/9/2020 18:36	8	139.7	134.4	134.6	129.7	High	High	82.1	83	84	84.3	1.3123	1.2039	1.1892	1.0638	High	High
4/9/2020 18:38	9	143.1	138	137.9	133	High	High	82.1	83.3	84.1	84.4	1.3907	1.2859	1.2658	1.139	High	High
4/9/2020 18:40	10	146.6	140.9	141.3	136.1	High	High	82.4	83.3	84.2	84.6	1.4675	1.356	1.3459	1.2101	High	High
4/9/2020 18:42	11	150.3	144.4	144.8	139.4	High	High	82.5	83.5	84.3	84.6	1.547	1.438	1.4248	1.2891	High	High
4/9/2020 18:44	12	153.7	148	148	142.5	High	High	82.6	83.6	84.4	84.7	1.6234	1.5173	1.5021	1.3637	High	High
4/9/2020 18:46	13	157.1	151.3	151.4	146	High	High	82.7	83.7	84.5	84.9	1.7026	1.5971	1.5813	1.4444	High	High
4/9/2020 18:48	14	160.8	154.7	154.7	149.1	High	High	82.8	83.8	84.6	84.8	1.7824	1.6831	1.6617	1.517	High	High
4/9/2020 18:50	15	164.3	158.2	158.2	152.5	High	High	82.8	83.8	84.6	85	1.8622	1.7628	1.7475	1.5989	High	High
4/9/2020 18:52	16	168.1	161.3	161.4	155.6	High	High	82.9	83.9	84.7	84.9	1.9465	1.841	1.8259	1.6779	High	High
4/9/2020 18:54	17	171.4	164.7	164.8	158.8	High	High	83	83.9	84.9	85	2.0246	1.9246	1.9099	1.7549	High	High
4/9/2020 18:56	18	175	167.8	168	162	High	High	83	84.1	84.9	85.1	2.1032	2.0014	1.9879	1.8325	High	High
4/9/2020 18:58	19	178.5	171.1	177.4	165.3	High	High	83.1	84.1	84.9	85.1	2.1843	2.0817	2.2209	1.9127	High	High
4/9/2020 19:00	20	182.3	174.4	181.2	168.4	High	High	83	84.1	84.9	85.1	2.2685	2.1636	2.3175	1.9907	High	High
4/9/2020 19:02	21	186.1	178.1	184.8	171.5	High	High	82.9	83.9	84.7	85	2.3611	2.258	2.4107	2.0706	High	High
4/9/2020 19:04	22	189.7	181.2	187.8	174.9	High	High	82.8	83.7	84.6	84.9	2.4481	2.3391	2.4915	2.1561	High	High
4/9/2020 19:06	23	193.3	184.4	191.7	178.1	High	High	82.8	83.8	84.6	85	2.5301	2.4249	2.5913	2.2338	High	High
4/9/2020 19:08	24	196.8	187.8	194.9	181.3	High	High	82.8	83.9	84.7	85.1	2.6109	2.5071	2.6695	2.3126	High	High
4/9/2020 19:10	25	200.4	191.1	197.6	184.7	High	High	83	84.1	85.1	85.2	2.6874	2.5866	2.7315	2.3942	High	High
4/9/2020 19:12	26	204	194.5	201.5	187.7	High	High	83.3	84.3	85.1	85.6	2.7657	2.6701	2.8285	2.4676	High	High
4/9/2020 19:14	27	207.6	198	204.6	190.8	High	High	83.5	84.5	85.4	85.8	2.8439	2.7525	2.9039	2.5425	High	High
4/9/2020 19:16	28	211	201.2	207.8	194	High	High	83.7	84.7	85.5	86	2.9173	2.8316	2.9827	2.6168	High	High
4/9/2020 19:18	29	214.4	204.6	211.2	196.8	High	High	83.9	85	85.9	86.2	2.9903	2.9116	3.0625	2.6851	High	High
4/9/2020 19:20	30	218	208.1	214	200.1	High	High	84.2	85.2	86.1	86.4	3.068	2.9938	3.1305	2.7654	High	High
4/9/2020 19:22	31	221.5	211.1	217.8	202.9	High	High	84.5	85.4	86.2	86.5	3.1426	3.0711	3.2269	2.8356	High	High
4/9/2020 19:24	32	225	214.5	220.7	206.1	High	High	84.6	85.6	86.4	86.8	3.2186	3.1546	3.2986	2.913	High	High
4/9/2020 19:26	33	228.6	217.5	224.2	209.2	High	High	84.7	85.7	86.5	86.9	3.3005	3.231	3.389	2.9833	High	High
4/9/2020 19:28	34	232.2	221.2	226.9	212.3	High	High	84.8	85.9	86.8	87.1	3.3781	3.3258	3.4561	3.0625	High	High
4/9/2020 19:30	35	235.5	224.5	230.4	215.3	High	High	84.9	86.1	86.9	87.1	3.4512	3.4084	3.5437	3.1392	High	High
4/9/2020 19:32	36	239.1	228	233.2	218	High	High	85.2	86.2	87	87.5	3.5278	3.4938	3.6135	3.2086	High	High
4/9/2020 19:34	37	242.4	231.4	236.2	221	High	High	85.3	86.3	87.2	87.5	3.6009	3.5806	3.6885	3.2839	High	High
4/9/2020 19:36	38	245.9	235.3	239.1	224.5	High	High	85.5	86.4	87.2	87.6	3.6803	3.6822	3.7661	3.3698	High	High
4/9/2020 19:38	39	249.7	239.5	242.3	227.4	High	High	85.4	86.4	87.3	87.8	3.7629	3.7906	3.8476	3.4445	High	High
4/9/2020 19:40	40	253.2	242.3	245.2	230	High	High	85.5	86.4	87.3	87.7	3.8401	3.87	3.9256	3.5152	High	High
4/9/2020 19:42	41	256.7	246.1	248.7	233.2	High	High	85.5	86.6	87.4	87.8	3.9181	3.9712	4.02	3.5964	High	High
4/9/2020 19:44	42	260.4	254.1	251.1	236.1	High	High	85.4	86.5	87.3	87.7	4.0044	4.1839	4.0854	3.6748	High	High
4/9/2020 19:46	43	263.9	257.4	254.4	239.4	High	High	85.3	86.4	87.2	87.8	4.0863	4.2735	4.175	3.7596	High	High
4/9/2020 19:48	44	267.4	260.6	258.1	242.3	High	High	85.3	86.3	87.2	87.7	4.1685	4.3625	4.2743	3.8411	High	High
4/9/2020 19:50	45	270.9	263.4	260.1	245	High	High	85.2	86.4	87.2	87.7	4.2488	4.4393	4.3266	3.9137	High	High
4/9/2020 19:52	46	274.4	266.1	262.7	248	High	High	85.3	86.3	87.4	87.7	4.3249	4.5079	4.3928	3.9905	High	High
4/9/2020 19:54	47	277.8	269.5	266.4	251.2	High	High	85.3	86.4	87.3	87.8	4.4009	4.6026	4.4972	4.0734	High	High
4/9/2020 19:56	48	281.3	272.5	269.7	253.8	High	High	85.6	86.8	87.6	88	4.4728	4.6794	4.5818	4.1404	High	High
4/9/2020 19:58	49	284.4	275	271.9	256.5	High	High	85.7	86.9	87.7	88.2	4.5405	4.7423	4.6405	4.2134	High	High
4/9/2020 20:00	50	287.8	278.1	275	259.3	High	High	85.8	86.9	87.7	88.2	4.6163	4.8287	4.7247	4.286	High	High
4/9/2020 20:02	51	291.2	281.6	277.9	262.5	High	High	86	87.1	87.8	88	4.6885	4.9176	4.8022	4.3732	High	High
4/9/2020 20:04	52	294.5	284	280.1	265.2	High	High	86	87.1	87.9	88.2	4.7651	4.9845	4.8629	4.4479	High	High
4/9/2020 20:06	53	297.9	287	283.9	268.2	High	High	86.1	87.1	87.9	88.2	4.8377	5.0629	4.9626	4.5271	High	High
4/9/2020 20:08	54	301.3	289.8	286.6	270.8	High	High	86.2	87.2	88.1	88.3	4.9107	5.141	5.0322	4.5955	High	High
4/9/2020 20:10	55	304.9	292.5	290	273.6	High	High	86.2	87.2	88	88.3	4.9904	5.2154	5.1295	4.6752	High	High
4/9/2020 20:12	56	308.5	295.6	293.2	276.6	High	High	86.1	87.2	88	88.2	5.0727	5.3021	5.2184	4.7536	High	High
4/9/2020 20:14	57	311.8	298.1	295.9	279.3	High	High	86.2	87.1	88	88.3	5.1464	5.372	5.2902	4.8294	High	High
4/9/2020 20:16	58	315.4	301.3	298.8	282.2	High	High	86	87.2	88	88.4	5.2269	5.4611	5.3719	4.9052	High	High
4/9/2020 20:18	59	319	304.4	301	284.9	High	High	86	87	87.9	88.4	5.3094	5.5545	5.4365	4.979	High	High
4/9/2020 20:20	60	322.4	307.1	304	287.6	High	High	86	87	87.9	88.4	5.3875	5.6275	5.5191	5.0566	High	High
4/9/2020 20:22	61	325.6	309.9	306.2	290.4	High	High	86	87.1	88	88.5	5.4562	5.7071	5.58	5.1278	High	High
4/9/2020 20:24	62	329.1	312.6	309.3	293.1	High	High	86.3	87.5	88.5	88.7	5.5274	5.7732	5.6612	5.198	High	High
4/9/2020 20:26	63	332.2	315.3	311.8	295.7	High	High	86.6	87.8	88.7	89.1	5.5886	5.8455	5.7293	5.2611	High	High
4/9/2020 20:28	64	335.7	317.9	314	298.3	High	High	86.7	87.9	88.8	89.2	5.6608	5.9149	5.7862	5.333	High	High
4/9/2020 20:30	65	339	321	316.9	301.2	High	High	87.1	88.1	88.9	89.3	5.7317	5.9988	5.8643	5.4121	High	High
4/9/2020 20:32	66	342.1	323.8	319.7	304	High	High	87.2	88.2	89.1	89.5	5.8	6.0722	5.9398	5.4873	High	High
4/9/2020 20:34	67	345.6	326.5	322.6	306.7	High	High	87.4	88.4	89.2	89.5	5.8718	6.145	6.0185	5.5615	High	High
4/9/2020 20:36	68	349.2	329.6	325	309.5	High	High	87.5	88.4	89.5	89.6	5.9466	6.2319	6.0848	5.639	High	High
4/9/2020 20:38	69	352.5	332.2	328	312.1	High	High	87.5	88.7	89.5	89.7	6.0196	6.3021	6.1625	5.7088	High	High
4/9/2020 20:40	70	355.9	335.3	329.6	314.8	High	High	87.6	88.8	89.7	89.7	6.095	6.389	6.2054	5.7836	High	High
4/9/2020 20:42	71	359.7	338	333.5	317.6	High	High	88	88.9	89.7	89.8	6.1708	6.4605	6.3152	5.8619	High	High
4/9/2020 20:44	72	363	340.7	335.4	320.5	High	High	88.1	89	89.8	90.1	6.2422	6.5345	6.3652	5.94	High	High
4/9/2020 20:46	73	366.5	343.3	336.6	322.9	High	High	88.1	89.1	89.9	90.2	6.3205	6.6065	6.4	6.0066	High	High
4/9/2020 20:48	74	370.1	346.5	341.9	325.7	High	High	87.9	88.9	89.8	90.1	6.4064	6.7015	6.5498	6.0866	High	High
4/9/2020 20:50	75	373.5	348.5	344.1	328.3	High	High	87.6	88.8	89.6	90	6.4833	6.7603	6.6161	6.1615	High	High
4/9/2020 20:52	76	377.1	352.1	346.5	331	High	High	87.5	88.7	89.6	90	6.5676	6.865	6.6862	6.2387	High	High
4/9/2020 20:54	77	380.7	355.3	349	333.8	High	High	87.5	88.6	89.7	90.1	6.6486	6.9598	6.7553	6.3149	High	High
4/9/2020 20:56	78	384.3	358.1	352.7	336.5	High	High	87.5	88.7	89.7	90.1	6.7297	7.0417	6.8594	6.3887	High	High
4/9/2020 20:58	79	387.6	360.8	355.3	339.1	High	High	87.5	88.6	89.8	90.3	6.8051	7.1221	6.9338	6.4612	High	High
4/9/2020 21:00	80	390.7	362.7	358.2	341.7	High	High	87.9	89	90	90.5	6.8646	7.1671	7.0118	6.5295	High	High
4/9/2020 21:02	81	394.1	365.5	360.8	344.4	High	High	88.3	89.5	90.4	90.9	6.9292	7.2406	7.0827	6.5983	High	High
4/9/2020 21:04	82	397.3	368.4	362.2	347.3	High	High	88.8	89.8	90.8	91.2	6.9939	7.3144	7.1125	6.6727	High	High
4/9/2020 21:06	83	401	371.7	365.9	350.2	High	High	89	90.2	91	91.4	7.0688	7.4052	7.2139	6.7496	High	High
4/9/2020 21:08	84	404.2	372.8	368.7	352.8	High	High	89.3	90.5	91.3	91.8	7.1292	7.4313	7.2902	6.8148	High	High
4/9/2020 21:10	85	407.7	376.7	369.7	355.2	High	High	89.7	90.6	91.6	91.9	7.2051	7.5405	7.3184	6.8837	High	High
4/9/2020 21:12	86	410.6	377.7	372.3	357.8	High	High	89.8	90.8	91.7	92	7.2641	7.5681	7.3872	6.9561	High	High
4/9/2020 21:14	87	411.8	376.9	373.5	359.2	High	High	89.9	90.9	91.8	92.1	7.2861	7.5387	7.4209	6.9943	High	High
4/9/2020 21:16	88	412.5	377.6	373.2	360.8	High	High	90.1	91.1	91.9	92.2	7.3027	7.5563	7.4086	7.0393	High	High
4/9/2020 21:18	89	412.9	377.1	372.7	361.7	High	High	90.2	91.3	92.1	92.3	7.3083	7.541	7.3917	7.0633	High	High
4/9/2020 21:20	90	413.3	377.7	373.2	362.7	High	High	90.3	91.4	92.2	92.4	7.3126	7.5541	7.4038	7.0907	High	High
4/9/2020 21:22	91	413.4	376.8	373	363.3	High	High	90.5	91.5	92.3	92.4	7.3118	7.5273	7.3952	7.1074	High	High
4/9/2020 21:24	92	413.4	377.2	373.4	364	High	High	90.5	91.6	92.4	92.7	7.3112	7.5371	7.4057	7.1259	High	High
4/9/2020 21:26	93	413.7	377.2	372.5	364.3	High	High	90.7	91.7	92.5	92.7	7.3157	7.5359	7.3766	7.1316	High	High
4/9/2020 21:28	94	413.9	377.5	373.1	364.7	High	High	90.7	91.7	92.6	92.9	7.3158	7.54	7.3912	7.1393	High	High
4/9/2020 21:30	95	413.8	377	373.3	364.9	High	High	90.8	91.8	92.7	92.9	7.3133	7.5243	7.3936	7.1436	High	High
4/9/2020 21:32	96	413.8	377.3	373.8	365.1	High	High	91	91.9	92.7	93	7.3108	7.5318	7.4091	7.1488	High	High
4/9/2020 21:34	97	414.1	377.2	373.7	365.2	High	High	91	92	92.8	93.1	7.3141	7.5242	7.4049	7.1499	High	High
4/9/2020 21:36	98	414.1	377.5	373.4	365.5	High	High	91	92	93	93.1	7.3157	7.5346	7.3933	7.1571	High	High
4/9/2020 21:38	99	414.2	377.5	373.6	365.5	High	High	91.1	92	93	93.2	7.3169	7.5329	7.3979	7.1556	High	High
4/9/2020 21:40	100	414.2	377.2	373.4	365.4	High	High	91.1	92.2	93	93.2	7.3152	7.5231	7.3908	7.1522	High	High
4/9/2020 21:42	101	414.6	377.8	374.6	365.7	High	High	91.2	92.2	93.1	93.2	7.3205	7.5387	7.4258	7.1584	High	High
4/9/2020 21:44	102	414.5	377.7	373.7	365.7	High	High	91.2	92.3	93.1	93.3	7.3176	7.5333	7.3999	7.1569	High	High
4/9/2020 21:46	103	414.5	377.6	373.6	365.7	High	High	91.2	92.3	93.1	93.3	7.3176	7.5311	7.3951	7.159	High	High
4/9/2020 21:48	104	414.5	377.2	371.2	365.8	High	High	91.2	92.4	93.1	93.3	7.319	7.5212	7.3246	7.1572	High	High
4/9/2020 21:50	105	414.7	377.5	374	365.6	High	High	91.2	92.3	93.2	93.4	7.3204	7.5288	7.4081	7.154	High	High
4/9/2020 21:52	106	415	377.4	373.8	365.8	High	High	91.2	92.2	93.1	93.3	7.3306	7.5273	7.4033	7.1608	High	High
4/9/2020 21:54	107	415.4	377.4	374.2	365.8	High	High	90.9	91.8	92.8	93.2	7.3453	7.5345	7.4208	7.1644	High	High
4/9/2020 21:56	108	415.5	377.5	373.7	365.7	High	High	90.6	91.7	92.6	93.1	7.3556	7.5409	7.4098	7.1639	High	High
4/9/2020 21:58	109	415.3	377.6	373.7	365.8	High	High	90.5	91.6	92.6	93.1	7.3551	7.5472	7.4102	7.1653	High	High
4/9/2020 22:00	110	415.4	377	373.6	366	High	High	90.3	91.6	92.6	93.1	7.3582	7.5301	7.4055	7.1702	High	High
4/9/2020 22:02	111	415.5	377.8	373.8	365.9	High	High	90.2	91.4	92.6	93.1	7.3634	7.5566	7.4148	7.1684	High	High
4/9/2020 22:04	112	415.7	377.8	374.3	365.9	High	High	90.2	91.4	92.5	93.1	7.369	7.5566	7.4287	7.17	High	High
4/9/2020 22:06	113	415.7	377.8	374.4	365.7	High	High	90.2	91.4	92.5	93.1	7.3691	7.5566	7.432	7.1673	High	High
4/9/2020 22:08	114	415.6	377.6	374.4	366.1	High	High	90.2	91.5	92.6	93.2	7.3644	7.5489	7.4303	7.1704	High	High
4/9/2020 22:10	115	415.6	377.7	374.4	366.1	High	High	90.6	91.8	92.8	93.6	7.355	7.5435	7.4221	7.1633	High	High
4/9/2020 22:12	116	415.3	377.5	373.6	366	High	High	91	92.3	93.3	93.8	7.342	7.528	7.3912	7.155	High	High
4/9/2020 22:14	117	415.2	377.3	374.3	365.9	High	High	91.5	92.6	93.7	94.1	7.3307	7.5151	7.4023	7.146	High	High
4/9/2020 22:16	118	415.2	377.7	374.4	366	High	High	91.7	92.9	93.9	94.2	7.3233	7.5181	7.4012	7.1456	High	High
4/9/2020 22:18	119	415.4	377.3	373.5	366.1	High	High	91.9	93.1	94.1	94.5	7.3205	7.5047	7.3694	7.1421	High	High
4/9/2020 22:20	120	415.6	377.5	374.4	366.3	High	High	92	93.2	94.3	94.7	7.3224	7.5092	7.3908	7.1444	High	High
4/9/2020 22:22	121	415.6	377.3	374.5	366.2	High	High	92.3	93.3	94.3	94.7	7.3191	7.4985	7.3931	7.1391	High	High
4/9/2020 22:24	122	415.4	377	374	366.3	High	High	92.1	93.3	94.4	94.7	7.3167	7.4916	7.3767	7.1402	High	High
4/9/2020 22:26	123	415.3	377.1	374.4	366.3	High	High	92.4	93.4	94.4	94.8	7.3114	7.4883	7.3886	7.1408	High	High
4/9/2020 22:28	124	415.5	376.9	374.1	366.3	High	High	92.4	93.6	94.5	94.8	7.3135	7.4816	7.3764	7.1378	High	High
4/9/2020 22:30	125	415.8	377.5	374.4	366.4	High	High	92.5	93.6	94.5	94.9	7.3168	7.4999	7.3846	7.1419	High	High
4/9/2020 22:32	126	415.8	377.7	374.6	366.4	High	High	92.6	93.6	94.5	94.9	7.316	7.5032	7.3904	7.1427	High	High
4/9/2020 22:34	127	415.7	377.1	373.3	366.3	High	High	92.6	93.6	94.5	94.9	7.3149	7.4868	7.3521	7.1385	High	High
4/9/2020 22:36	128	415.8	377.6	373.6	366.4	High	High	92.7	93.6	94.6	95	7.3139	7.4968	7.3582	7.1418	High	High
4/9/2020 22:38	129	416.1	378.2	375	366.5	High	High	92.6	93.7	94.6	94.9	7.3205	7.5144	7.4005	7.1408	High	High
4/9/2020 22:40	130	415.9	378.1	374.2	366.5	High	High	92.6	93.7	94.6	95	7.317	7.5124	7.3777	7.1409	High	High
4/9/2020 22:42	131	415.9	378	374.3	366.5	High	High	92.6	93.6	94.6	95	7.3197	7.5089	7.3799	7.1434	High	High
4/9/2020 22:44	132	416	378	374.3	366.4	High	High	92.6	93.6	94.6	94.9	7.3183	7.5085	7.3798	7.1432	High	High
4/9/2020 22:46	133	415.9	377.6	373.9	366.6	High	High	92.6	93.8	94.6	95	7.3202	7.4986	7.3685	7.1439	High	High
4/9/2020 22:48	134	415.8	377.3	374.5	366.6	High	High	92.7	93.7	94.6	94.9	7.3146	7.4912	7.3864	7.1456	High	High
4/9/2020 22:50	135	416	377.6	374.3	366.6	High	High	92.8	93.7	94.6	95	7.3165	7.4994	7.3808	7.1445	High	High
4/9/2020 22:52	136	416	377.8	372.9	366.6	High	High	92.8	93.7	94.8	95	7.3198	7.5012	7.3387	7.1452	High	High
4/9/2020 22:54	137	416.1	377.6	374.8	366.6	High	High	92.7	93.7	94.6	94.9	7.3183	7.4977	7.3917	7.1438	High	High
4/9/2020 22:56	138	415.9	377.5	374.1	366.6	High	High	92.7	93.7	94.5	94.9	7.3168	7.4951	7.3736	7.1469	High	High
4/9/2020 22:58	139	416.2	377.7	374.8	366.6	High	High	92.8	93.7	94.6	94.9	7.3239	7.5023	7.3932	7.1474	High	High
4/9/2020 23:00	140	416.1	377.6	375	366.8	High	High	92.7	93.7	94.6	94.9	7.3209	7.4994	7.3997	7.1531	High	High
4/9/2020 23:02	141	416.2	377.6	374.7	366.6	High	High	92.6	93.7	94.5	94.9	7.3233	7.4989	7.3938	7.1511	High	High
4/9/2020 23:04	142	416.3	377.9	374.5	366.7	High	High	92.5	93.6	94.4	94.8	7.3254	7.5089	7.3901	7.153	High	High
4/9/2020 23:06	143	416.4	377.8	373.3	366.7	High	High	92.5	93.6	94.4	94.8	7.33	7.508	7.3565	7.1521	High	High
4/9/2020 23:08	144	416.4	377.6	374.9	366.8	High	High	92.6	93.5	94.4	94.7	7.3296	7.502	7.4023	7.1554	High	High
4/9/2020 23:10	145	416.5	377.9	374.4	366.6	High	High	92.5	93.4	94.4	94.8	7.3345	7.5128	7.3872	7.1512	High	High
4/9/2020 23:12	146	416.4	377.6	374.4	366.8	High	High	92.5	93.5	94.4	94.7	7.3335	7.5023	7.3884	7.1553	High	High
4/9/2020 23:14	147	416.5	377.6	373.6	366.7	High	High	92.5	93.5	94.4	94.7	7.3325	7.5011	7.3637	7.1553	High	High
4/9/2020 23:16	148	416.3	377.5	373.9	366.7	High	High	92.4	93.5	94.4	94.7	7.3299	7.5027	7.3727	7.1547	High	High
4/9/2020 23:18	149	416.5	377.7	374.4	366.8	High	High	92.5	93.4	94.4	94.7	7.3351	7.5076	7.3904	7.1585	High	High
4/9/2020 23:20	150	416.4	377.9	374.6	366.7	High	High	92.4	93.4	94.4	94.8	7.3337	7.515	7.3946	7.1545	High	High
4/9/2020 23:22	151	416.1	377.8	373.9	366.6	High	High	92.4	93.5	94.5	94.8	7.3286	7.5078	7.3724	7.1517	High	High
4/9/2020 23:24	152	416.5	377.6	374.7	366.9	High	High	92.5	93.6	94.4	94.7	7.3353	7.5022	7.3959	7.1583	High	High
4/9/2020 23:26	153	416.6	377.7	374.2	366.8	High	High	92.3	93.3	94.3	94.7	7.3415	7.5102	7.3835	7.1578	High	High
4/9/2020 23:28	154	416.7	378	374.4	366.8	High	High	92.1	93.3	94.2	94.7	7.3471	7.5174	7.3933	7.1608	High	High
4/9/2020 23:30	155	416.5	377.3	374.6	366.8	High	High	92.3	93.4	94.3	94.7	7.3429	7.4999	7.3991	7.1592	High	High
4/9/2020 23:32	156	416.7	377.9	373	366.9	High	High	92.1	93.4	94.2	94.6	7.3454	7.5153	7.3487	7.161	High	High
4/9/2020 23:34	157	416.7	378	374.1	366.8	High	High	92.3	93.4	94.3	94.6	7.3439	7.517	7.383	7.1619	High	High
4/9/2020 23:36	158	416.6	378.1	374.7	366.9	High	High	92.4	93.4	94.3	94.7	7.3398	7.5192	7.3994	7.1619	High	High
4/9/2020 23:38	159	416.6	377.7	374.5	366.9	High	High	92.4	93.5	94.3	94.7	7.3392	7.5076	7.3946	7.1616	High	High
4/9/2020 23:40	160	416.5	377.7	374.9	367	High	High	92.4	93.5	94.4	94.8	7.3406	7.5076	7.4051	7.1636	High	High
4/9/2020 23:42	161	416.7	377.4	374.6	366.9	High	High	92.4	93.4	94.3	94.7	7.342	7.501	7.394	7.1619	High	High
4/9/2020 23:44	162	416.6	377.5	375	367.1	High	High	92.3	93.4	94.3	94.7	7.3433	7.5041	7.4075	7.1693	High	High
4/9/2020 23:46	163	416.8	377.9	373.7	367	High	High	92.4	93.4	94.2	94.6	7.348	7.518	7.372	7.1671	High	High
4/9/2020 23:48	164	416.7	377.9	374.7	367	High	High	92.3	93.3	94.3	94.7	7.3456	7.5172	7.3984	7.1653	High	High
4/9/2020 23:50	165	416.7	377.9	374.7	366.9	High	High	92.3	93.4	94.3	94.6	7.3439	7.5157	7.402	7.1648	High	High
4/9/2020 23:52	166	416.7	377.6	373	367	High	High	92.3	93.3	94.3	94.6	7.347	7.5085	7.3489	7.166	High	High
4/9/2020 23:54	167	416.8	377.8	374.6	367.1	High	High	92.3	93.3	94.3	94.6	7.3479	7.5151	7.3988	7.1694	High	High
4/9/2020 23:56	168	417.1	378.1	375	367.1	High	High	92.3	93.4	94.3	94.6	7.3527	7.5211	7.4124	7.1692	High	High
4/9/2020 23:58	169	416.8	377.8	373.8	367	High	High	92.1	93.3	94.2	94.6	7.3505	7.5158	7.376	7.1669	High	High
4/10/2020 0:00	170	416.8	377.8	375.1	366.9	High	High	92.3	93.3	94.2	94.5	7.3481	7.5136	7.4125	7.1667	High	High
4/10/2020 0:02	171	416.9	377.8	374.6	367.1	High	High	92.1	93.2	94.2	94.5	7.3507	7.5173	7.3999	7.1694	High	High
4/10/2020 0:04	172	416.9	377.3	374	366.9	High	High	92	93.2	94.2	94.5	7.3534	7.5011	7.3856	7.1666	High	High
4/10/2020 0:06	173	416.9	377.4	375.1	367	High	High	91.8	92.8	93.7	94.3	7.3625	7.5138	7.4225	7.1751	High	High
4/10/2020 0:08	174	417.5	377.6	374.8	367.1	High	High	91.4	92.5	93.5	94	7.3796	7.5275	7.4218	7.1801	High	High
4/10/2020 0:10	175	417.4	377.3	374.3	367	High	High	91.2	92.3	93.4	94	7.386	7.5239	7.4099	7.1841	High	High
4/10/2020 0:12	176	416.8	375.8	371.7	366.5	High	High	91	92.2	93.3	93.9	7.3747	7.4799	7.3343	7.1683	High	High
4/10/2020 0:14	177	414.8	373.1	370.4	365.5	High	High	91	92	93.3	93.9	7.3301	7.4024	7.2957	7.1403	High	High
4/10/2020 0:16	178	411.8	370.3	367.9	364.2	High	High	91.1	92.3	93.4	93.9	7.2645	7.3175	7.2229	7.0991	High	High
4/10/2020 0:18	179	408.9	367.3	364.8	362.7	High	High	91.1	92.4	93.5	94.1	7.1953	7.229	7.1288	7.0516	High	High
4/10/2020 0:20	180	405.7	364.6	362.6	360.9	High	High	91.2	92.4	93.5	94.1	7.122	7.1465	7.0617	6.9995	High	High
4/10/2020 0:22	181	402.5	362.1	360	359	High	High	91.1	92.4	93.5	94.1	7.0539	7.0733	6.9865	6.944	High	High
4/10/2020 0:24	182	399.3	359.2	357.4	357.1	High	High	91.2	92.4	93.5	94.1	6.983	6.9926	6.9096	6.8863	High	High
4/10/2020 0:26	183	395.9	356.5	354.8	354.8	High	High	91.1	92.3	93.5	94.2	6.9067	6.9093	6.833	6.8205	High	High
4/10/2020 0:28	184	392.6	353.7	352.2	352.6	High	High	91.2	92.4	93.5	94.2	6.8303	6.8292	6.7545	6.7542	High	High
4/10/2020 0:30	185	389.3	350.9	349.1	350.3	High	High	91.2	92.4	93.5	94.2	6.7563	6.7486	6.6682	6.687	High	High
4/10/2020 0:32	186	385.9	347.9	346.7	347.8	High	High	91.4	92.4	93.5	94.2	6.681	6.6624	6.6007	6.6165	High	High
4/10/2020 0:34	187	382.6	345.1	344	345.4	High	High	91.2	92.4	93.6	94.3	6.6073	6.5846	6.5228	6.5467	High	High
4/10/2020 0:36	188	379.3	342.5	341.2	342.8	High	High	91.4	92.5	93.6	94.3	6.5316	6.5062	6.4453	6.4763	High	High
4/10/2020 0:38	189	375.7	339.6	338.4	340.3	High	High	91.2	92.5	93.7	94.3	6.4526	6.4262	6.3635	6.4016	High	High
4/10/2020 0:40	190	372.2	336.6	335.5	337.7	High	High	91.5	92.7	93.9	94.5	6.3679	6.3358	6.2766	6.3257	High	High
4/10/2020 0:42	191	368.7	333.8	332.9	335.3	High	High	91.8	93.1	94.2	94.8	6.2851	6.2489	6.2004	6.2497	High	High
4/10/2020 0:44	192	365.3	331	330	332.6	High	High	92	93.3	94.3	94.8	6.2036	6.1671	6.1117	6.1733	High	High
4/10/2020 0:46	193	361.6	328.1	327.1	330	High	High	92.1	93.4	94.4	94.9	6.12	6.0787	6.0275	6.0968	High	High
4/10/2020 0:48	194	358.3	325.2	324.6	327.6	High	High	92.3	93.4	94.5	95	6.043	5.9958	5.9529	6.0238	High	High
4/10/2020 0:50	195	355	322.8	321.9	324.9	High	High	92.3	93.5	94.5	95	5.9687	5.9276	5.879	5.952	High	High
4/10/2020 0:52	196	351.4	319.3	318.7	322.3	High	High	92.5	93.5	94.6	95	5.8856	5.8295	5.7855	5.876	High	High
4/10/2020 0:54	197	348	316.6	316.1	319.7	High	High	92.5	93.7	94.6	95	5.8074	5.7505	5.7117	5.8023	High	High
4/10/2020 0:56	198	344.7	314.1	313.4	317.1	High	High	92.5	93.6	94.6	95	5.7317	5.6776	5.6342	5.729	High	High
4/10/2020 0:58	199	341.2	310.9	310.5	314.5	High	High	92.5	93.6	94.6	95	5.6547	5.59	5.5529	5.6564	High	High
4/10/2020 1:00	200	337.7	308.2	307.8	311.9	High	High	92.7	93.6	94.6	95	5.5789	5.5116	5.4773	5.5849	High	High
4/10/2020 1:02	201	334.4	305.4	305.1	309.3	High	High	92.6	93.6	94.5	94.9	5.5035	5.4335	5.4	5.5122	High	High
4/10/2020 1:04	202	331	302.5	302.3	306.6	High	High	92.5	93.5	94.4	94.8	5.4291	5.3525	5.3246	5.4393	High	High
4/10/2020 1:06	203	327.5	299.7	299.5	304.1	High	High	92.4	93.4	94.4	94.8	5.3545	5.2775	5.2492	5.3685	High	High
4/10/2020 1:08	204	323.9	296.9	296.6	301.3	High	High	92.3	93.4	94.3	94.7	5.2769	5.1937	5.1664	5.2918	High	High
4/10/2020 1:10	205	320.5	294.1	293.9	298.8	High	High	92	93.2	94.2	94.6	5.2049	5.1202	5.0937	5.2224	High	High
4/10/2020 1:12	206	317.1	291.1	291.2	296.1	High	High	92.1	93.2	94.2	94.5	5.128	5.0395	5.0211	5.1492	High	High
4/10/2020 1:14	207	313.7	288.1	288	293.5	High	High	92	93.2	94	94.5	5.0546	4.9629	4.9374	5.0782	High	High
4/10/2020 1:16	208	310.3	285.2	285.1	290.8	High	High	91.9	92.9	94	94.3	4.9789	4.8818	4.8596	5.0054	High	High
4/10/2020 1:18	209	306.7	282.2	282.4	288	High	High	91.9	92.9	93.9	94.2	4.9009	4.8036	4.7875	4.9322	High	High
4/10/2020 1:20	210	303.1	279.1	279.5	285.3	High	High	91.9	92.8	93.7	94.1	4.8264	4.7216	4.7103	4.8617	High	High
4/10/2020 1:22	211	299.8	276.5	276.4	282.5	High	High	91.7	92.7	93.7	93.9	4.7531	4.6507	4.6277	4.786	High	High
4/10/2020 1:24	212	296.4	273.7	273.6	279.9	High	High	91.7	92.6	93.5	94	4.6766	4.5776	4.554	4.7147	High	High
4/10/2020 1:26	213	292.8	270.2	270.5	277.1	High	High	91.5	92.4	93.5	93.8	4.6	4.4825	4.4682	4.6397	High	High
4/10/2020 1:28	214	289.6	267.5	267.9	274.2	High	High	91.1	92.2	93.2	93.6	4.5341	4.4164	4.406	4.5691	High	High
4/10/2020 1:30	215	286.1	264.6	264.7	271.4	High	High	90.8	91.8	93	93.3	4.4654	4.3433	4.3247	4.4962	High	High
4/10/2020 1:32	216	282.7	261.4	261.7	268.7	High	High	90.6	91.6	92.7	93.1	4.3924	4.2642	4.2473	4.4255	High	High
4/10/2020 1:34	217	279	258.3	258.7	266	High	High	90.3	91.6	92.7	93.2	4.3138	4.1823	4.1668	4.3509	High	High
4/10/2020 1:36	218	275.3	255.2	255.7	262.9	High	High	90.3	91.6	92.7	93.1	4.2282	4.0978	4.0886	4.272	High	High
4/10/2020 1:38	219	271.9	252	252.4	260.2	High	High	90.5	91.6	92.6	93.1	4.1498	4.0145	3.9995	4.1975	High	High
4/10/2020 1:40	220	268.2	249	249.6	257.2	High	High	90.3	91.5	92.6	93.1	4.0695	3.9347	3.9239	4.1176	High	High
4/10/2020 1:42	221	264.9	246	246.7	254.4	High	High	90.3	91.5	92.5	93	3.9942	3.8541	3.8526	4.0446	High	High
4/10/2020 1:44	222	261.3	242.9	243.5	251.5	High	High	90.2	91.3	92.4	93	3.918	3.7723	3.7653	3.9685	High	High
4/10/2020 1:46	223	257.7	239.7	240.2	248.6	High	High	90	91.1	92.2	92.8	3.8396	3.6917	3.6836	3.8934	High	High
4/10/2020 1:48	224	254.1	236.7	237.5	245.6	High	High	89.9	91.1	92.1	92.7	3.7602	3.6132	3.6133	3.8173	High	High
4/10/2020 1:50	225	250.6	234	234.1	242.9	High	High	89.8	91	92.1	92.7	3.684	3.5453	3.5224	3.7437	High	High
4/10/2020 1:52	226	246.7	230.2	230.8	239.8	High	High	89.9	91.1	92.1	92.5	3.5939	3.444	3.4354	3.6625	High	High
4/10/2020 1:54	227	243	227.2	227.7	237	High	High	90.1	91.3	92.2	92.8	3.5067	3.3602	3.3544	3.5827	High	High
4/10/2020 1:56	228	239.4	224.1	224.6	234	High	High	90.1	91.3	92.2	92.8	3.4233	3.2806	3.2685	3.5071	High	High
4/10/2020 1:58	229	235.8	220.5	221.3	231	High	High	90.2	91.4	92.2	92.5	3.3384	3.1862	3.184	3.4282	High	High
4/10/2020 2:00	230	232.3	217.6	218.5	228	High	High	90.1	91.3	92.2	92.4	3.2583	3.1074	3.1131	3.3532	High	High
4/10/2020 2:02	231	228.7	214.5	215.3	224.9	High	High	90.2	91.4	92.2	92.4	3.1763	3.0257	3.0283	3.2758	High	High
4/10/2020 2:04	232	224.9	210.9	211.9	222	High	High	90	91.1	92.1	92.3	3.094	2.9364	2.9427	3.2003	High	High
4/10/2020 2:06	233	221.5	208	208.8	218.9	High	High	89.8	90.9	91.8	92.1	3.0205	2.8657	2.8657	3.1242	High	High
4/10/2020 2:08	234	218.1	204.7	205.6	215.9	High	High	89.6	90.5	91.5	91.9	2.9468	2.7881	2.7902	3.0494	High	High
4/10/2020 2:10	235	215	201.9	202.9	212.9	High	High	89.2	90.2	91.2	91.5	2.8826	2.7265	2.7294	2.9786	High	High
4/10/2020 2:12	236	211.7	199.5	200.5	210	High	High	88.8	90	90.9	91.3	2.8187	2.669	2.6736	2.9095	High	High
4/10/2020 2:14	237	209	197.1	198.1	207.4	High	High	88.7	89.7	90.8	91.3	2.7574	2.6148	2.6136	2.8421	High	High
4/10/2020 2:16	238	206.4	195.1	195.7	204.8	High	High	88.5	89.6	90.7	91.1	2.7004	2.5623	2.5588	2.7773	High	High
4/10/2020 2:18	239	203.8	193.1	193.7	202.2	High	High	88.5	89.7	90.7	91.2	2.6404	2.5109	2.5042	2.7093	High	High
4/10/2020 2:20	240	201.3	190.9	191.9	199.6	High	High	88.5	89.7	90.7	91.1	2.5846	2.4569	2.4551	2.644	High	High
4/10/2020 2:22	241	199.2	189.3	189.9	197.4	High	High	88.7	89.8	90.7	91.2	2.5319	2.4116	2.407	2.5887	High	High
4/10/2020 2:24	242	197	187.3	188.2	195.4	High	High	88.7	89.7	90.7	91.1	2.4834	2.364	2.3619	2.5369	High	High
4/10/2020 2:26	243	195.1	185.7	186.5	193.5	High	High	88.8	89.8	90.8	91.2	2.4358	2.3191	2.3209	2.4865	High	High
4/10/2020 2:28	244	193.2	184.3	184.8	191.6	High	High	88.8	89.9	90.8	91.2	2.3931	2.2811	2.2747	2.4416	High	High
4/10/2020 2:30	245	191.5	182.7	183.6	189.9	High	High	88.7	89.9	90.8	91	2.3532	2.2439	2.2422	2.4	High	High
4/10/2020 2:32	246	189.8	181.3	181.9	188.1	High	High	88.7	89.8	90.6	90.9	2.3173	2.2097	2.2055	2.3572	High	High
4/10/2020 2:34	247	188.2	179.8	180.4	186.3	High	High	88.5	89.6	90.4	90.6	2.2831	2.1738	2.1712	2.3175	High	High
4/10/2020 2:36	248	186.7	178.3	179.1	184.8	High	High	88.2	89.2	90.1	90.4	2.255	2.1451	2.1444	2.2824	High	High
4/10/2020 2:38	249	185	176.9	177.7	183.3	High	High	87.8	88.9	89.9	90.3	2.2256	2.1172	2.1147	2.2466	High	High
4/10/2020 2:40	250	183.6	175.5	176.2	181.7	High	High	87.6	88.6	89.7	90	2.197	2.0906	2.0848	2.2115	High	High
4/10/2020 2:42	251	182.1	174.5	175.1	180.2	High	High	87.4	88.6	89.6	90	2.1689	2.0647	2.0589	2.1786	High	High
4/10/2020 2:44	252	180.8	173.6	173.9	179	High	High	87.2	88.3	89.5	89.7	2.1415	2.0456	2.0315	2.1504	High	High
4/10/2020 2:46	253	179.5	172.5	173	177.7	High	High	87.3	88.6	89.5	89.8	2.1102	2.0145	2.0061	2.1143	High	High
4/10/2020 2:48	254	178.3	171.5	172	176.5	High	High	87.3	88.4	89.5	89.8	2.0805	1.992	1.9825	2.0834	High	High
4/10/2020 2:50	255	177.1	170.4	170.8	175.2	High	High	87.4	88.6	89.5	89.8	2.054	1.9627	1.9536	2.0523	High	High
4/10/2020 2:52	256	176	169.3	169.7	174.1	High	High	87.4	88.7	89.5	89.8	2.0271	1.9368	1.9259	2.0247	High	High
4/10/2020 2:54	257	174.9	168.2	168.8	173	High	High	87.3	88.6	89.5	89.7	2.0022	1.912	1.9036	1.9986	High	High
4/10/2020 2:56	258	174	167.5	167.9	171.9	High	High	87.4	88.6	89.4	89.7	1.9808	1.8933	1.8831	1.9741	High	High
4/10/2020 2:58	259	172.9	166.7	167	171	High	High	87.3	88.4	89.4	89.7	1.9582	1.8698	1.8609	1.9485	High	High
4/10/2020 3:00	260	172	165.7	166.2	169.9	High	High	87.3	88.3	89.4	89.7	1.9378	1.8542	1.8412	1.9264	High	High
4/10/2020 3:02	261	171.1	165.1	165.4	169	High	High	87.3	88.3	89.2	89.6	1.9175	1.8355	1.8241	1.9048	High	High
4/10/2020 3:04	262	170.1	164.2	164.6	168	High	High	87.2	88.3	89.2	89.5	1.8968	1.8143	1.8037	1.8828	High	High
4/10/2020 3:06	263	169.2	163.4	163.8	167.2	High	High	87.1	88.2	89.1	89.5	1.8785	1.7971	1.7857	1.8629	High	High
4/10/2020 3:08	264	168.4	162.7	163.1	166.5	High	High	87.1	88.1	89	89.5	1.8604	1.7811	1.7716	1.8437	High	High
4/10/2020 3:10	265	167.6	161.9	162.2	165.6	High	High	87	88	88.9	89.4	1.8449	1.7648	1.7519	1.8241	High	High
4/10/2020 3:12	266	166.9	161.4	161.7	164.8	High	High	86.9	88	88.7	89.3	1.8301	1.7524	1.7391	1.8069	High	High
4/10/2020 3:14	267	166.2	160.8	161.1	163.9	High	High	86.7	87.8	88.7	89.2	1.8162	1.7385	1.7276	1.7909	High	High
4/10/2020 3:16	268	165.4	160.2	160.3	163.4	High	High	86.6	87.8	88.6	89.1	1.8008	1.7264	1.7126	1.774	High	High
4/10/2020 3:18	269	164.7	159.6	159.8	162.6	High	High	86.5	87.7	88.5	89.1	1.7882	1.715	1.6995	1.7598	High	High
4/10/2020 3:20	270	163.9	159	159.2	161.9	High	High	86.4	87.7	88.6	88.9	1.7722	1.7009	1.687	1.7437	High	High
